CREATE DATABASE IF NOT EXISTS water_quality;

USE water_quality;

CREATE TABLE Region (
    RegionID INT PRIMARY KEY,
    Name VARCHAR(255) NOT NULL,
    Population INT,
    AreaSize FLOAT
);

CREATE TABLE WaterSource (
    WaterSourceID INT PRIMARY KEY,
    Location VARCHAR(255) NOT NULL,
    Type VARCHAR(50),
    RegionID INT,
    FOREIGN KEY (RegionID) REFERENCES Region(RegionID)
);

CREATE TABLE WaterQuality (
    QualityID INT PRIMARY KEY,
    WaterSourceID INT,
    Date DATE,
    ContaminantType VARCHAR(255),
    ContaminationLevel FLOAT,
    FOREIGN KEY (WaterSourceID) REFERENCES WaterSource(WaterSourceID)
);

CREATE TABLE HealthIncident (
    IncidentID INT PRIMARY KEY,
    RegionID INT,
    Date DATE,
    DiseaseType VARCHAR(255),
    CasesReported INT,
    FOREIGN KEY (RegionID) REFERENCES Region(RegionID)
);

CREATE TABLE Infrastructure (
    InfrastructureID INT PRIMARY KEY,
    WaterSourceID INT,
    FacilityType VARCHAR(255),
    Capacity FLOAT,
    FOREIGN KEY (WaterSourceID) REFERENCES WaterSource(WaterSourceID)
);

-- insert data into the database
INSERT INTO Region (RegionID, Name, Population, AreaSize) VALUES
(1, 'Northland', 150000, 1200.5),
(2, 'Southland', 200000, 1500.0),
(3, 'Eastside', 180000, 1300.2),
(4, 'Westside', 160000, 1100.8);

-- Watersource Table
INSERT INTO WaterSource (WaterSourceID, Location, Type, RegionID) VALUES
(1, 'River A', 'Surface', 1),
(2, 'River B', 'Surface', 1),
(3, 'Lake A', 'Surface', 2),
(4, 'Lake B', 'Surface', 2),
(5, 'Well A', 'Ground', 3),
(6, 'Well B', 'Ground', 3),
(7, 'Spring A', 'Ground', 4),
(8, 'Spring B', 'Ground', 4),
(9, 'River C', 'Surface', 1),
(10, 'Lake C', 'Surface', 2),
(11, 'Well C', 'Ground', 3),
(12, 'Spring C', 'Ground', 4),
(13, 'River D', 'Surface', 1),
(14, 'Lake D', 'Surface', 2),
(15, 'Well D', 'Ground', 3),
(16, 'Spring D', 'Ground', 4),
(17, 'River E', 'Surface', 1),
(18, 'Lake E', 'Surface', 2),
(19, 'Well E', 'Ground', 3),
(20, 'Spring E', 'Ground', 4),
(21, 'River F', 'Surface', 1),
(22, 'Lake F', 'Surface', 2),
(23, 'Well F', 'Ground', 3),
(24, 'Spring F', 'Ground', 4),
(25, 'River G', 'Surface', 1),
(26, 'Lake G', 'Surface', 2),
(27, 'Well G', 'Ground', 3),
(28, 'Spring G', 'Ground', 4),
(29, 'River H', 'Surface', 1),
(30, 'Lake H', 'Surface', 2),
(31, 'Well H', 'Ground', 3),
(32, 'Spring H', 'Ground', 4),
(33, 'River I', 'Surface', 1),
(34, 'Lake I', 'Surface', 2),
(35, 'Well I', 'Ground', 3),
(36, 'Spring I', 'Ground', 4),
(37, 'River J', 'Surface', 1),
(38, 'Lake J', 'Surface', 2),
(39, 'Well J', 'Ground', 3),
(40, 'Spring J', 'Ground', 4),
(41, 'River K', 'Surface', 1),
(42, 'Lake K', 'Surface', 2),
(43, 'Well K', 'Ground', 3),
(44, 'Spring K', 'Ground', 4),
(45, 'River L', 'Surface', 1),
(46, 'Lake L', 'Surface', 2),
(47, 'Well L', 'Ground', 3),
(48, 'Spring L', 'Ground', 4),
(49, 'River M', 'Surface', 1),
(50, 'Lake M', 'Surface', 2);

-- Water Quality Table
INSERT INTO WaterQuality (QualityID, WaterSourceID, Date, ContaminantType, ContaminationLevel) VALUES
(1, 1, '2024-01-01', 'E. coli', 120),
(2, 2, '2024-01-02', 'Lead', 10),
(3, 3, '2024-01-03', 'Nitrate', 5),
(4, 4, '2024-01-04', 'E. coli', 150),
(5, 5, '2024-01-05', 'Lead', 8),
(6, 6, '2024-01-06', 'Nitrate', 7),
(7, 7, '2024-01-07', 'E. coli', 130),
(8, 8, '2024-01-08', 'Lead', 12),
(9, 9, '2024-01-09', 'Nitrate', 6),
(10, 10, '2024-01-10', 'E. coli', 140),
(11, 11, '2024-01-11', 'Lead', 15),
(12, 12, '2024-01-12', 'Nitrate', 4),
(13, 13, '2024-01-13', 'E. coli', 160),
(14, 14, '2024-01-14', 'Lead', 18),
(15, 15, '2024-01-15', 'Nitrate', 9),
(16, 16, '2024-01-16', 'E. coli', 170),
(17, 17, '2024-01-17', 'Lead', 20),
(18, 18, '2024-01-18', 'Nitrate', 8),
(19, 19, '2024-01-19', 'E. coli', 180),
(20, 20, '2024-01-20', 'Lead', 22),
(21, 21, '2024-01-21', 'Nitrate', 10),
(22, 22, '2024-01-22', 'E. coli', 190),
(23, 23, '2024-01-23', 'Lead', 25),
(24, 24, '2024-01-24', 'Nitrate', 11),
(25, 25, '2024-01-25', 'E. coli', 200),
(26, 26, '2024-01-26', 'Lead', 30),
(27, 27, '2024-01-27', 'Nitrate', 12),
(28, 28, '2024-01-28', 'E. coli', 210),
(29, 29, '2024-01-29', 'Lead', 35),
(30, 30, '2024-01-30', 'Nitrate', 14),
(31, 31, '2024-01-31', 'E. coli', 220),
(32, 32, '2024-02-01', 'Lead', 40),
(33, 33, '2024-02-02', 'Nitrate', 15),
(34, 34, '2024-02-03', 'E. coli', 230),
(35, 35, '2024-02-04', 'Lead', 45),
(36, 36, '2024-02-05', 'Nitrate', 16),
(37, 37, '2024-02-06', 'E. coli', 240),
(38, 38, '2024-02-07', 'Lead', 50),
(39, 39, '2024-02-08', 'Nitrate', 17),
(40, 40, '2024-02-09', 'E. coli', 250),
(41, 41, '2024-02-10', 'Lead', 55),
(42, 42, '2024-02-11', 'Nitrate', 18),
(43, 43, '2024-02-12', 'E. coli', 260),
(44, 44, '2024-02-13', 'Lead', 60),
(45, 45, '2024-02-14', 'Nitrate', 19),
(46, 46, '2024-02-15', 'E. coli', 270),
(47, 47, '2024-02-16', 'Lead', 65),
(48, 48, '2024-02-17', 'Nitrate', 20),
(49, 49, '2024-02-18', 'E. coli', 280),
(50, 50, '2024-02-19', 'Lead', 70);

-- Health incident Table
INSERT INTO HealthIncident (IncidentID, RegionID, Date, DiseaseType, CasesReported) VALUES
(1, 1, '2024-01-01', 'Cholera', 15),
(2, 1, '2024-01-02', 'Cholera', 20),
(3, 1, '2024-01-03', 'Dengue', 5),
(4, 1, '2024-01-04', 'Cholera', 25),
(5, 1, '2024-01-05', 'Dengue', 7),
(6, 1, '2024-01-06', 'Malaria', 10),
(7, 1, '2024-01-07', 'Cholera', 30),
(8, 1, '2024-01-08', 'Malaria', 12),
(9, 1, '2024-01-09', 'Dengue', 8),
(10, 1, '2024-01-10', 'Cholera', 35),
(11, 2, '2024-01-11', 'Cholera', 40),
(12, 2, '2024-01-12', 'Dengue', 15),
(13, 2, '2024-01-13', 'Malaria', 20),
(14, 2, '2024-01-14', 'Cholera', 45),
(15, 2, '2024-01-15', 'Dengue', 18),
(16, 2, '2024-01-16', 'Malaria', 22),
(17, 2, '2024-01-17', 'Cholera', 50),
(18, 2, '2024-01-18', 'Dengue', 20),
(19, 2, '2024-01-19', 'Malaria', 25),
(20, 2, '2024-01-20', 'Cholera', 55),
(21, 3, '2024-01-21', 'Cholera', 10),
(22, 3, '2024-01-22', 'Dengue', 5),
(23, 3, '2024-01-23', 'Malaria', 12),
(24, 3, '2024-01-24', 'Cholera', 15),
(25, 3, '2024-01-25', 'Dengue', 7),
(26, 3, '2024-01-26', 'Malaria', 18),
(27, 3, '2024-01-27', 'Cholera', 20),
(28, 3, '2024-01-28', 'Dengue', 8),
(29, 3, '2024-01-29', 'Malaria', 22),
(30, 3, '2024-01-30', 'Cholera', 25),
(31, 4, '2024-01-31', 'Cholera', 5),
(32, 4, '2024-02-01', 'Dengue', 10),
(33, 4, '2024-02-02', 'Malaria', 15),
(34, 4, '2024-02-03', 'Cholera', 8),
(35, 4, '2024-02-04', 'Dengue', 12),
(36, 4, '2024-02-05', 'Malaria', 18),
(37, 4, '2024-02-06', 'Cholera', 10),
(38, 4, '2024-02-07', 'Dengue', 15),
(39, 4, '2024-02-08', 'Malaria', 20),
(40, 4, '2024-02-09', 'Cholera', 12),
(41, 1, '2024-02-10', 'Dengue', 9),
(42, 1, '2024-02-11', 'Malaria', 14),
(43, 2, '2024-02-12', 'Cholera', 60),
(44, 2, '2024-02-13', 'Dengue', 25),
(45, 3, '2024-02-14', 'Malaria', 30),
(46, 3, '2024-02-15', 'Cholera', 22),
(47, 4, '2024-02-16', 'Dengue', 20),
(48, 4, '2024-02-17', 'Malaria', 28),
(49, 1, '2024-02-18', 'Cholera', 35),
(50, 2, '2024-02-19', 'Dengue', 30);

-- Infrastructure Table
INSERT INTO Infrastructure (InfrastructureID, WaterSourceID, FacilityType, Capacity) VALUES
(1, 1, 'Treatment Plant', 5000),
(2, 2, 'Pumping Station', 3000),
(3, 3, 'Treatment Plant', 5500),
(4, 4, 'Pumping Station', 3500),
(5, 5, 'Storage Tank', 4000),
(6, 6, 'Treatment Plant', 5200),
(7, 7, 'Pumping Station', 3000),
(8, 8, 'Storage Tank', 4500),
(9, 9, 'Treatment Plant', 5000),
(10, 10, 'Pumping Station', 3200),
(11, 11, 'Storage Tank', 4200),
(12, 12, 'Treatment Plant', 5300),
(13, 13, 'Pumping Station', 3100),
(14, 14, 'Storage Tank', 4400),
(15, 15, 'Treatment Plant', 5500),
(16, 16, 'Pumping Station', 3300),
(17, 17, 'Storage Tank', 4300),
(18, 18, 'Treatment Plant', 5600),
(19, 19, 'Pumping Station', 3400),
(20, 20, 'Storage Tank', 4600),
(21, 21, 'Treatment Plant', 5700),
(22, 22, 'Pumping Station', 3500),
(23, 23, 'Storage Tank', 4700),
(24, 24, 'Treatment Plant', 5800),
(25, 25, 'Pumping Station', 3600),
(26, 26, 'Storage Tank', 4800),
(27, 27, 'Treatment Plant', 5900),
(28, 28, 'Pumping Station', 3700),
(29, 29, 'Storage Tank', 4900),
(30, 30, 'Treatment Plant', 6000),
(31, 31, 'Pumping Station', 3800),
(32, 32, 'Storage Tank', 5000),
(33, 33, 'Treatment Plant', 6100),
(34, 34, 'Pumping Station', 3900),
(35, 35, 'Storage Tank', 5100),
(36, 36, 'Treatment Plant', 6200),
(37, 37, 'Pumping Station', 4000),
(38, 38, 'Storage Tank', 5200),
(39, 39, 'Treatment Plant', 6300),
(40, 40, 'Pumping Station', 4100),
(41, 41, 'Storage Tank', 5300),
(42, 42, 'Treatment Plant', 6400),
(43, 43, 'Pumping Station', 4200),
(44, 44, 'Storage Tank', 5400),
(45, 45, 'Treatment Plant', 6500),
(46, 46, 'Pumping Station', 4300),
(47, 47, 'Storage Tank', 5500),
(48, 48, 'Treatment Plant', 6600),
(49, 49, 'Pumping Station', 4400),
(50, 50, 'Storage Tank', 5600);
